title,story,genre,author
Echoes of the Deep,"In the heart of the galaxy, a signal pulsed like a heartbeat. And with that, the veil between worlds was lifted.",horror,Jordan Frost
The Whispering Shadows,"They thought the curse was a myth, until the dreams began. The truth had always been hidden in plain sight.",romance,Morgan Blake
Chronicles of the Forgotten,She woke up with a scar that hadn't been there the night before. All that remained was silence—and a single rose.,adventure,Taylor Quinn
Echoes of the Deep,A single spark was all it took to ignite the rebellion. They never spoke of what happened that night again.,adventure,Alex Ray
The Time Weaver,"The map led them to a door that shouldn't exist. She turned the page, knowing this was only the beginning.",adventure,Jordan Frost
Voices in the Fog,"It began with a whisper that no one else could hear. And with that, the veil between worlds was lifted.",sci-fi,Casey Lee
Beneath the Iron Sky,The forest was alive with secrets and shadows. The truth had always been hidden in plain sight.,romance,Dana Rivers
The Time Weaver,He was the last one left who remembered the old world. They never spoke of what happened that night again.,fantasy,Sky Monroe
Chronicles of the Forgotten,"No one had ventured past the old ruins in decades—until now. As the portal closed, she whispered a final goodbye.",romance,Morgan Blake
The Time Weaver,"It began with a whisper that no one else could hear. The machine hummed softly, waiting for the next command.",mystery,Morgan Blake
Chronicles of the Forgotten,"She woke up with a scar that hadn't been there the night before. The stars burned brighter, as if in approval.",fantasy,Jordan Frost
Beneath the Iron Sky,No one had ventured past the old ruins in decades—until now. All that remained was silence—and a single rose.,fantasy,Jamie Lane
The Crystal Prophecy,"The forest was alive with secrets and shadows. From the ashes, a new legend was born.",fantasy,Dana Rivers
The Crystal Prophecy,"The forest was alive with secrets and shadows. And with that, the veil between worlds was lifted.",horror,Jamie Lane
The Whispering Shadows,"Her reflection blinked when she didn’t. He vanished into the mist, leaving only footprints behind.",sci-fi,Dana Rivers
Forest of Secrets,"No one had ventured past the old ruins in decades—until now. As the portal closed, she whispered a final goodbye.",romance,Taylor Quinn
Chronicles of the Forgotten,A single spark was all it took to ignite the rebellion. They never spoke of what happened that night again.,mystery,Morgan Blake
The Time Weaver,"They thought the curse was a myth, until the dreams began. All that remained was silence—and a single rose.",sci-fi,Dana Rivers
Echoes of the Deep,"She woke up with a scar that hadn't been there the night before. As the portal closed, she whispered a final goodbye.",sci-fi,Casey Lee
Echoes of the Deep,"Her reflection blinked when she didn’t. He vanished into the mist, leaving only footprints behind.",fantasy,Riley North
Echoes of the Deep,"They thought the curse was a myth, until the dreams began. She turned the page, knowing this was only the beginning.",fantasy,Sky Monroe
The Whispering Shadows,"It began with a whisper that no one else could hear. She turned the page, knowing this was only the beginning.",romance,Sam Hunter
Escape from Orion,It began with a whisper that no one else could hear. The truth had always been hidden in plain sight.,mystery,Morgan Blake
Voices in the Fog,"The map led them to a door that shouldn't exist. He vanished into the mist, leaving only footprints behind.",adventure,Morgan Blake
Beneath the Iron Sky,"The map led them to a door that shouldn't exist. And with that, the veil between worlds was lifted.",sci-fi,Jordan Frost
The Crystal Prophecy,"No one had ventured past the old ruins in decades—until now. As the portal closed, she whispered a final goodbye.",adventure,Jordan Frost
Beneath the Iron Sky,"A single spark was all it took to ignite the rebellion. As the portal closed, she whispered a final goodbye.",fantasy,Jordan Frost
The Crystal Prophecy,"It began with a whisper that no one else could hear. The stars burned brighter, as if in approval.",fantasy,Taylor Quinn
The Whispering Shadows,"He was the last one left who remembered the old world. The machine hummed softly, waiting for the next command.",mystery,Dana Rivers
Echoes of the Deep,"He was the last one left who remembered the old world. She turned the page, knowing this was only the beginning.",horror,Jordan Frost
Chronicles of the Forgotten,"A single spark was all it took to ignite the rebellion. She turned the page, knowing this was only the beginning.",mystery,Jamie Lane
Voices in the Fog,"She woke up with a scar that hadn't been there the night before. From the ashes, a new legend was born.",sci-fi,Casey Lee
The Last Ember,"The map led them to a door that shouldn't exist. He vanished into the mist, leaving only footprints behind.",sci-fi,Sam Hunter
Echoes of the Deep,"No one had ventured past the old ruins in decades—until now. From the ashes, a new legend was born.",romance,Taylor Quinn
The Whispering Shadows,"He was the last one left who remembered the old world. He vanished into the mist, leaving only footprints behind.",sci-fi,Taylor Quinn
Beneath the Iron Sky,"A single spark was all it took to ignite the rebellion. As the portal closed, she whispered a final goodbye.",romance,Casey Lee
The Crystal Prophecy,"A single spark was all it took to ignite the rebellion. The machine hummed softly, waiting for the next command.",adventure,Sam Hunter
The Crystal Prophecy,Her reflection blinked when she didn’t. All that remained was silence—and a single rose.,mystery,Sky Monroe
Chronicles of the Forgotten,"It began with a whisper that no one else could hear. The stars burned brighter, as if in approval.",adventure,Taylor Quinn
The Last Ember,"She woke up with a scar that hadn't been there the night before. From the ashes, a new legend was born.",romance,Sky Monroe
The Last Ember,"The map led them to a door that shouldn't exist. The machine hummed softly, waiting for the next command.",fantasy,Taylor Quinn
Voices in the Fog,A single spark was all it took to ignite the rebellion. They never spoke of what happened that night again.,horror,Dana Rivers
Chronicles of the Forgotten,A single spark was all it took to ignite the rebellion. The truth had always been hidden in plain sight.,horror,Dana Rivers
Beneath the Iron Sky,"She woke up with a scar that hadn't been there the night before. As the portal closed, she whispered a final goodbye.",mystery,Alex Ray
The Crystal Prophecy,"No one had ventured past the old ruins in decades—until now. She turned the page, knowing this was only the beginning.",adventure,Dana Rivers
The Last Ember,She woke up with a scar that hadn't been there the night before. The truth had always been hidden in plain sight.,fantasy,Dana Rivers
The Time Weaver,"They thought the curse was a myth, until the dreams began. From the ashes, a new legend was born.",sci-fi,Casey Lee
The Last Ember,"No one had ventured past the old ruins in decades—until now. And with that, the veil between worlds was lifted.",horror,Dana Rivers
The Crystal Prophecy,He was the last one left who remembered the old world. They never spoke of what happened that night again.,adventure,Morgan Blake
The Last Ember,"He was the last one left who remembered the old world. And with that, the veil between worlds was lifted.",mystery,Sam Hunter
The Last Ember,"The forest was alive with secrets and shadows. As the portal closed, she whispered a final goodbye.",mystery,Taylor Quinn
The Whispering Shadows,"They thought the curse was a myth, until the dreams began. The machine hummed softly, waiting for the next command.",fantasy,Jamie Lane
Beneath the Iron Sky,The map led them to a door that shouldn't exist. The truth had always been hidden in plain sight.,adventure,Riley North
The Last Ember,It began with a whisper that no one else could hear. The truth had always been hidden in plain sight.,adventure,Morgan Blake
Echoes of the Deep,"A single spark was all it took to ignite the rebellion. He vanished into the mist, leaving only footprints behind.",sci-fi,Morgan Blake
The Time Weaver,The map led them to a door that shouldn't exist. They never spoke of what happened that night again.,horror,Sam Hunter
Beneath the Iron Sky,"A single spark was all it took to ignite the rebellion. The machine hummed softly, waiting for the next command.",adventure,Morgan Blake
Escape from Orion,No one had ventured past the old ruins in decades—until now. They never spoke of what happened that night again.,sci-fi,Sky Monroe
Echoes of the Deep,"The forest was alive with secrets and shadows. He vanished into the mist, leaving only footprints behind.",romance,Alex Ray
The Whispering Shadows,"The forest was alive with secrets and shadows. And with that, the veil between worlds was lifted.",fantasy,Dana Rivers
Escape from Orion,It began with a whisper that no one else could hear. They never spoke of what happened that night again.,horror,Dana Rivers
The Crystal Prophecy,It began with a whisper that no one else could hear. All that remained was silence—and a single rose.,romance,Casey Lee
The Whispering Shadows,"Her reflection blinked when she didn’t. From the ashes, a new legend was born.",sci-fi,Dana Rivers
The Last Ember,"No one had ventured past the old ruins in decades—until now. And with that, the veil between worlds was lifted.",romance,Dana Rivers
Voices in the Fog,"The map led them to a door that shouldn't exist. And with that, the veil between worlds was lifted.",fantasy,Taylor Quinn
Escape from Orion,"She woke up with a scar that hadn't been there the night before. From the ashes, a new legend was born.",romance,Sam Hunter
Beneath the Iron Sky,He was the last one left who remembered the old world. All that remained was silence—and a single rose.,romance,Morgan Blake
The Whispering Shadows,"In the heart of the galaxy, a signal pulsed like a heartbeat. They never spoke of what happened that night again.",horror,Alex Ray
The Last Ember,"A single spark was all it took to ignite the rebellion. She turned the page, knowing this was only the beginning.",mystery,Riley North
Voices in the Fog,"Her reflection blinked when she didn’t. As the portal closed, she whispered a final goodbye.",horror,Riley North
Forest of Secrets,"The map led them to a door that shouldn't exist. And with that, the veil between worlds was lifted.",horror,Dana Rivers
The Crystal Prophecy,"They thought the curse was a myth, until the dreams began. All that remained was silence—and a single rose.",sci-fi,Sam Hunter
Escape from Orion,"She woke up with a scar that hadn't been there the night before. As the portal closed, she whispered a final goodbye.",fantasy,Sam Hunter
The Last Ember,"No one had ventured past the old ruins in decades—until now. And with that, the veil between worlds was lifted.",fantasy,Jordan Frost
The Time Weaver,Her reflection blinked when she didn’t. All that remained was silence—and a single rose.,horror,Sky Monroe
Chronicles of the Forgotten,"They thought the curse was a myth, until the dreams began. The truth had always been hidden in plain sight.",adventure,Sky Monroe
Beneath the Iron Sky,"They thought the curse was a myth, until the dreams began. And with that, the veil between worlds was lifted.",fantasy,Taylor Quinn
Forest of Secrets,"Her reflection blinked when she didn’t. The machine hummed softly, waiting for the next command.",sci-fi,Riley North
Beneath the Iron Sky,"Her reflection blinked when she didn’t. As the portal closed, she whispered a final goodbye.",mystery,Sky Monroe
Forest of Secrets,"She woke up with a scar that hadn't been there the night before. As the portal closed, she whispered a final goodbye.",fantasy,Taylor Quinn
Beneath the Iron Sky,"Her reflection blinked when she didn’t. The machine hummed softly, waiting for the next command.",adventure,Sam Hunter
Forest of Secrets,"In the heart of the galaxy, a signal pulsed like a heartbeat. All that remained was silence—and a single rose.",romance,Riley North
Forest of Secrets,"In the heart of the galaxy, a signal pulsed like a heartbeat. From the ashes, a new legend was born.",mystery,Casey Lee
The Last Ember,It began with a whisper that no one else could hear. All that remained was silence—and a single rose.,adventure,Jamie Lane
Beneath the Iron Sky,"No one had ventured past the old ruins in decades—until now. The stars burned brighter, as if in approval.",sci-fi,Alex Ray
Echoes of the Deep,"A single spark was all it took to ignite the rebellion. As the portal closed, she whispered a final goodbye.",romance,Morgan Blake
Escape from Orion,The forest was alive with secrets and shadows. All that remained was silence—and a single rose.,romance,Sam Hunter
The Time Weaver,"Her reflection blinked when she didn’t. He vanished into the mist, leaving only footprints behind.",romance,Taylor Quinn
Forest of Secrets,"In the heart of the galaxy, a signal pulsed like a heartbeat. All that remained was silence—and a single rose.",romance,Taylor Quinn
The Last Ember,"He was the last one left who remembered the old world. She turned the page, knowing this was only the beginning.",adventure,Dana Rivers
Echoes of the Deep,"She woke up with a scar that hadn't been there the night before. She turned the page, knowing this was only the beginning.",horror,Taylor Quinn
The Crystal Prophecy,"He was the last one left who remembered the old world. As the portal closed, she whispered a final goodbye.",romance,Morgan Blake
Echoes of the Deep,"No one had ventured past the old ruins in decades—until now. He vanished into the mist, leaving only footprints behind.",mystery,Jamie Lane
The Time Weaver,It began with a whisper that no one else could hear. They never spoke of what happened that night again.,sci-fi,Alex Ray
The Crystal Prophecy,"They thought the curse was a myth, until the dreams began. The truth had always been hidden in plain sight.",fantasy,Jordan Frost
The Crystal Prophecy,Her reflection blinked when she didn’t. They never spoke of what happened that night again.,sci-fi,Jamie Lane
The Last Ember,"The forest was alive with secrets and shadows. And with that, the veil between worlds was lifted.",fantasy,Jordan Frost
Beneath the Iron Sky,"They thought the curse was a myth, until the dreams began. The truth had always been hidden in plain sight.",sci-fi,Jordan Frost
Echoes of the Deep,"The forest was alive with secrets and shadows. The machine hummed softly, waiting for the next command.",mystery,Sky Monroe
Beneath the Iron Sky,"It began with a whisper that no one else could hear. He vanished into the mist, leaving only footprints behind.",sci-fi,Casey Lee
The Whispering Shadows,"It began with a whisper that no one else could hear. He vanished into the mist, leaving only footprints behind.",romance,Sam Hunter
Echoes of the Deep,"In the heart of the galaxy, a signal pulsed like a heartbeat. The truth had always been hidden in plain sight.",romance,Sam Hunter
The Last Ember,A single spark was all it took to ignite the rebellion. They never spoke of what happened that night again.,horror,Alex Ray
Forest of Secrets,"A single spark was all it took to ignite the rebellion. She turned the page, knowing this was only the beginning.",mystery,Morgan Blake
Forest of Secrets,"No one had ventured past the old ruins in decades—until now. As the portal closed, she whispered a final goodbye.",sci-fi,Morgan Blake
The Time Weaver,"Her reflection blinked when she didn’t. The machine hummed softly, waiting for the next command.",sci-fi,Dana Rivers
The Crystal Prophecy,No one had ventured past the old ruins in decades—until now. The truth had always been hidden in plain sight.,adventure,Riley North
The Time Weaver,"He was the last one left who remembered the old world. The stars burned brighter, as if in approval.",mystery,Riley North
The Whispering Shadows,"The forest was alive with secrets and shadows. She turned the page, knowing this was only the beginning.",romance,Morgan Blake
Forest of Secrets,It began with a whisper that no one else could hear. All that remained was silence—and a single rose.,adventure,Jordan Frost
The Time Weaver,"No one had ventured past the old ruins in decades—until now. From the ashes, a new legend was born.",adventure,Alex Ray
Escape from Orion,The map led them to a door that shouldn't exist. All that remained was silence—and a single rose.,horror,Jamie Lane
Beneath the Iron Sky,"A single spark was all it took to ignite the rebellion. As the portal closed, she whispered a final goodbye.",sci-fi,Alex Ray
The Whispering Shadows,No one had ventured past the old ruins in decades—until now. All that remained was silence—and a single rose.,sci-fi,Casey Lee
Chronicles of the Forgotten,"A single spark was all it took to ignite the rebellion. From the ashes, a new legend was born.",fantasy,Riley North
Echoes of the Deep,No one had ventured past the old ruins in decades—until now. They never spoke of what happened that night again.,adventure,Morgan Blake
Forest of Secrets,It began with a whisper that no one else could hear. All that remained was silence—and a single rose.,fantasy,Sam Hunter
Chronicles of the Forgotten,"In the heart of the galaxy, a signal pulsed like a heartbeat. And with that, the veil between worlds was lifted.",sci-fi,Jordan Frost
Voices in the Fog,"In the heart of the galaxy, a signal pulsed like a heartbeat. The truth had always been hidden in plain sight.",sci-fi,Jordan Frost
Echoes of the Deep,"It began with a whisper that no one else could hear. As the portal closed, she whispered a final goodbye.",sci-fi,Sky Monroe
Echoes of the Deep,"The map led them to a door that shouldn't exist. He vanished into the mist, leaving only footprints behind.",mystery,Jamie Lane
The Last Ember,"No one had ventured past the old ruins in decades—until now. As the portal closed, she whispered a final goodbye.",horror,Taylor Quinn
Forest of Secrets,"They thought the curse was a myth, until the dreams began. The truth had always been hidden in plain sight.",fantasy,Jordan Frost
Beneath the Iron Sky,"The map led them to a door that shouldn't exist. The machine hummed softly, waiting for the next command.",mystery,Taylor Quinn
Echoes of the Deep,"It began with a whisper that no one else could hear. She turned the page, knowing this was only the beginning.",sci-fi,Jamie Lane
Echoes of the Deep,"It began with a whisper that no one else could hear. The stars burned brighter, as if in approval.",sci-fi,Alex Ray
Escape from Orion,"They thought the curse was a myth, until the dreams began. The stars burned brighter, as if in approval.",mystery,Sam Hunter
Echoes of the Deep,A single spark was all it took to ignite the rebellion. They never spoke of what happened that night again.,romance,Jordan Frost
Voices in the Fog,"It began with a whisper that no one else could hear. She turned the page, knowing this was only the beginning.",fantasy,Jamie Lane
Escape from Orion,"He was the last one left who remembered the old world. The stars burned brighter, as if in approval.",romance,Taylor Quinn
Chronicles of the Forgotten,"The forest was alive with secrets and shadows. The stars burned brighter, as if in approval.",sci-fi,Jamie Lane
The Whispering Shadows,"The forest was alive with secrets and shadows. From the ashes, a new legend was born.",adventure,Sky Monroe
Beneath the Iron Sky,"It began with a whisper that no one else could hear. He vanished into the mist, leaving only footprints behind.",mystery,Alex Ray
Chronicles of the Forgotten,"A single spark was all it took to ignite the rebellion. She turned the page, knowing this was only the beginning.",fantasy,Alex Ray
Escape from Orion,He was the last one left who remembered the old world. The truth had always been hidden in plain sight.,sci-fi,Sky Monroe
The Whispering Shadows,"No one had ventured past the old ruins in decades—until now. And with that, the veil between worlds was lifted.",adventure,Dana Rivers
Forest of Secrets,"The forest was alive with secrets and shadows. The machine hummed softly, waiting for the next command.",romance,Dana Rivers
Chronicles of the Forgotten,"It began with a whisper that no one else could hear. The machine hummed softly, waiting for the next command.",fantasy,Taylor Quinn
The Last Ember,The map led them to a door that shouldn't exist. They never spoke of what happened that night again.,fantasy,Jamie Lane
Escape from Orion,"A single spark was all it took to ignite the rebellion. And with that, the veil between worlds was lifted.",horror,Sky Monroe
The Crystal Prophecy,"It began with a whisper that no one else could hear. He vanished into the mist, leaving only footprints behind.",mystery,Sky Monroe
The Whispering Shadows,"They thought the curse was a myth, until the dreams began. The stars burned brighter, as if in approval.",horror,Casey Lee
The Time Weaver,It began with a whisper that no one else could hear. They never spoke of what happened that night again.,romance,Dana Rivers
Escape from Orion,"He was the last one left who remembered the old world. The machine hummed softly, waiting for the next command.",romance,Sam Hunter
The Whispering Shadows,A single spark was all it took to ignite the rebellion. They never spoke of what happened that night again.,horror,Riley North
Beneath the Iron Sky,"They thought the curse was a myth, until the dreams began. The stars burned brighter, as if in approval.",adventure,Dana Rivers
The Whispering Shadows,Her reflection blinked when she didn’t. The truth had always been hidden in plain sight.,horror,Jamie Lane
Escape from Orion,"In the heart of the galaxy, a signal pulsed like a heartbeat. All that remained was silence—and a single rose.",fantasy,Jamie Lane
The Crystal Prophecy,"Her reflection blinked when she didn’t. As the portal closed, she whispered a final goodbye.",mystery,Taylor Quinn
Voices in the Fog,"The forest was alive with secrets and shadows. And with that, the veil between worlds was lifted.",romance,Casey Lee
The Last Ember,"He was the last one left who remembered the old world. From the ashes, a new legend was born.",adventure,Jamie Lane
The Last Ember,A single spark was all it took to ignite the rebellion. They never spoke of what happened that night again.,fantasy,Jordan Frost
Echoes of the Deep,"No one had ventured past the old ruins in decades—until now. She turned the page, knowing this was only the beginning.",sci-fi,Jamie Lane
Echoes of the Deep,"She woke up with a scar that hadn't been there the night before. She turned the page, knowing this was only the beginning.",fantasy,Sky Monroe
Beneath the Iron Sky,He was the last one left who remembered the old world. All that remained was silence—and a single rose.,romance,Morgan Blake
The Whispering Shadows,The forest was alive with secrets and shadows. All that remained was silence—and a single rose.,sci-fi,Sky Monroe
Voices in the Fog,"Her reflection blinked when she didn’t. As the portal closed, she whispered a final goodbye.",fantasy,Casey Lee
Voices in the Fog,"A single spark was all it took to ignite the rebellion. He vanished into the mist, leaving only footprints behind.",adventure,Jamie Lane
The Last Ember,The map led them to a door that shouldn't exist. The truth had always been hidden in plain sight.,sci-fi,Taylor Quinn
The Last Ember,"In the heart of the galaxy, a signal pulsed like a heartbeat. From the ashes, a new legend was born.",fantasy,Alex Ray
Echoes of the Deep,"It began with a whisper that no one else could hear. The machine hummed softly, waiting for the next command.",fantasy,Riley North
Voices in the Fog,"No one had ventured past the old ruins in decades—until now. The machine hummed softly, waiting for the next command.",romance,Morgan Blake
The Whispering Shadows,"They thought the curse was a myth, until the dreams began. All that remained was silence—and a single rose.",mystery,Jamie Lane
Beneath the Iron Sky,"A single spark was all it took to ignite the rebellion. She turned the page, knowing this was only the beginning.",adventure,Sam Hunter
The Whispering Shadows,"They thought the curse was a myth, until the dreams began. The truth had always been hidden in plain sight.",romance,Sky Monroe
Echoes of the Deep,"No one had ventured past the old ruins in decades—until now. She turned the page, knowing this was only the beginning.",romance,Casey Lee
The Crystal Prophecy,A single spark was all it took to ignite the rebellion. The truth had always been hidden in plain sight.,sci-fi,Jamie Lane
Voices in the Fog,"He was the last one left who remembered the old world. From the ashes, a new legend was born.",fantasy,Taylor Quinn
Echoes of the Deep,"They thought the curse was a myth, until the dreams began. He vanished into the mist, leaving only footprints behind.",fantasy,Casey Lee
The Crystal Prophecy,"In the heart of the galaxy, a signal pulsed like a heartbeat. The truth had always been hidden in plain sight.",sci-fi,Sky Monroe
Forest of Secrets,The map led them to a door that shouldn't exist. All that remained was silence—and a single rose.,horror,Sam Hunter
The Whispering Shadows,"In the heart of the galaxy, a signal pulsed like a heartbeat. The machine hummed softly, waiting for the next command.",fantasy,Riley North
The Crystal Prophecy,She woke up with a scar that hadn't been there the night before. The truth had always been hidden in plain sight.,horror,Sky Monroe
The Last Ember,He was the last one left who remembered the old world. The truth had always been hidden in plain sight.,romance,Taylor Quinn
Escape from Orion,Her reflection blinked when she didn’t. The truth had always been hidden in plain sight.,horror,Morgan Blake
Forest of Secrets,"A single spark was all it took to ignite the rebellion. From the ashes, a new legend was born.",mystery,Taylor Quinn
Forest of Secrets,"The map led them to a door that shouldn't exist. The stars burned brighter, as if in approval.",romance,Jordan Frost
Voices in the Fog,"The map led them to a door that shouldn't exist. And with that, the veil between worlds was lifted.",fantasy,Casey Lee
The Time Weaver,"In the heart of the galaxy, a signal pulsed like a heartbeat. The truth had always been hidden in plain sight.",horror,Jamie Lane
The Crystal Prophecy,The forest was alive with secrets and shadows. They never spoke of what happened that night again.,mystery,Morgan Blake
Echoes of the Deep,"It began with a whisper that no one else could hear. From the ashes, a new legend was born.",adventure,Morgan Blake
Echoes of the Deep,"They thought the curse was a myth, until the dreams began. He vanished into the mist, leaving only footprints behind.",horror,Casey Lee
Escape from Orion,"The forest was alive with secrets and shadows. From the ashes, a new legend was born.",fantasy,Dana Rivers
Beneath the Iron Sky,A single spark was all it took to ignite the rebellion. All that remained was silence—and a single rose.,mystery,Alex Ray
The Whispering Shadows,"The map led them to a door that shouldn't exist. He vanished into the mist, leaving only footprints behind.",romance,Sam Hunter
Voices in the Fog,Her reflection blinked when she didn’t. The truth had always been hidden in plain sight.,fantasy,Casey Lee
Echoes of the Deep,The map led them to a door that shouldn't exist. The truth had always been hidden in plain sight.,romance,Casey Lee
Chronicles of the Forgotten,"Her reflection blinked when she didn’t. As the portal closed, she whispered a final goodbye.",mystery,Casey Lee
Escape from Orion,"They thought the curse was a myth, until the dreams began. And with that, the veil between worlds was lifted.",adventure,Jamie Lane
The Time Weaver,"The forest was alive with secrets and shadows. From the ashes, a new legend was born.",romance,Casey Lee
Escape from Orion,"The map led them to a door that shouldn't exist. The stars burned brighter, as if in approval.",horror,Casey Lee
Echoes of the Deep,"He was the last one left who remembered the old world. The stars burned brighter, as if in approval.",adventure,Casey Lee
The Last Ember,"In the heart of the galaxy, a signal pulsed like a heartbeat. She turned the page, knowing this was only the beginning.",sci-fi,Casey Lee
The Crystal Prophecy,No one had ventured past the old ruins in decades—until now. All that remained was silence—and a single rose.,adventure,Sky Monroe
Forest of Secrets,"In the heart of the galaxy, a signal pulsed like a heartbeat. And with that, the veil between worlds was lifted.",fantasy,Jamie Lane
The Time Weaver,"In the heart of the galaxy, a signal pulsed like a heartbeat. All that remained was silence—and a single rose.",mystery,Taylor Quinn
The Whispering Shadows,"A single spark was all it took to ignite the rebellion. She turned the page, knowing this was only the beginning.",horror,Dana Rivers
Escape from Orion,The map led them to a door that shouldn't exist. They never spoke of what happened that night again.,fantasy,Riley North
Voices in the Fog,A single spark was all it took to ignite the rebellion. All that remained was silence—and a single rose.,sci-fi,Riley North
Forest of Secrets,Her reflection blinked when she didn’t. All that remained was silence—and a single rose.,sci-fi,Taylor Quinn
